
cluster 0[newemr.Lake Pocotopaug, newemr.Etowah, newemr.Etowah, newemr.Etowah, newemr.Etowah, newemr.St. Augustine]
cluster 1[newemr.Estherville, newemr.Labelle, newemr.Oconto, newemr.Augusta, newemr.Rayne, newemr.Rayne, newemr.Rayne, newemr.Rayne, newemr.Rayne, newemr.Rayne, newemr.Rayne, newemr.Rayne, newemr.Rayne, newemr.Rayne, newemr.Rayne, newemr.Rayne, newemr.Rayne, newemr.Rayne, newemr.Rayne, newemr.Rayne, newemr.Rayne, newemr.Rayne, newemr.Rayne, newemr.Rayne, newemr.Rayne, newemr.Rayne, newemr.Rayne, newemr.Rayne, newemr.Rayne, newemr.Oconto Falls, newemr.Oconto Falls, newemr.Oconto Falls, newemr.Oconto Falls, newemr.Oconto Falls, newemr.Oconto Falls, newemr.Oconto Falls, newemr.Oconto Falls, newemr.Oconto Falls, newemr.Oconto Falls, newemr.Oconto Falls, newemr.Oconto Falls, newemr.Oconto Falls, newemr.Oconto Falls, newemr.Oconto Falls, newemr.Oconto Falls, newemr.BARABOO, newemr.Hawley]
cluster 2[newemr.Grand Island, newemr.Tonkawa, newemr.Tonkawa, newemr.Tonkawa, newemr.Tonkawa, newemr.Tonkawa, newemr.Tonkawa, newemr.Tonkawa, newemr.Tonkawa, newemr.Tonkawa, newemr.Brookshire, newemr.Brookshire, newemr.Brookshire, newemr.Brookshire, newemr.Brookshire, newemr.Brookshire, newemr.Brookshire, newemr.Brookshire, newemr.Brookshire, newemr.Brookshire, newemr.Brookshire, newemr.Brookshire, newemr.Brookshire, newemr.Brookshire, newemr.Brookshire, newemr.Brookshire, newemr.Brookshire, newemr.Brookshire, newemr.Brookshire, newemr.Brookshire, newemr.Brookshire, newemr.Brookshire, newemr.Brookshire, newemr.Brookshire, newemr.Brookshire, newemr.Brookshire, newemr.Brookshire, newemr.Brookshire, newemr.Brookshire, newemr.Brookshire, newemr.Brookshire, newemr.Brookshire, newemr.Brookshire, newemr.Brookshire, newemr.Brookshire, newemr.Brookshire, newemr.Brookshire, newemr.Brookshire, newemr.Brookshire, newemr.Brookshire, newemr.Brookshire, newemr.Brookshire, newemr.Brookshire, newemr.Brookshire, newemr.Brookshire, newemr.Brookshire, newemr.Brookshire, newemr.Brookshire, newemr.Brookshire, newemr.Glencoe, newemr.Glencoe, newemr.Glencoe, newemr.Glencoe, newemr.Dekalb, newemr.Williston, newemr.Williston, newemr.Williston, newemr.Williston, newemr.Whitewater, newemr.Whitewater, newemr.Whitewater, newemr.Whitewater, newemr.Long Beach, newemr.NYC, newemr.San Manuel, newemr.Millen, newemr.Millen, newemr.Millen, newemr.Millen, newemr.Palmetto, newemr.Edgefield, newemr.Whiteville, newemr.Jaffrey, newemr.Jaffrey, newemr.Jaffrey, newemr.Jaffrey, newemr.Jaffrey, newemr.Jaffrey, newemr.Jaffrey, newemr.Jaffrey, newemr.Jaffrey, newemr.East Liverpool, newemr.Tbilisi, newemr.Granby, newemr.Oroville, newemr.Oroville, newemr.Oroville, newemr.Anchorage Northeast, newemr.Oroville, newemr.Oroville, newemr.Oroville, newemr.Oroville, newemr.Oroville, newemr.Oroville]
cluster 3[newemr.St. Paul, newemr.Little Elm, newemr.Pooler, newemr.Findlay, newemr.Findlay, newemr.Findlay, newemr.Findlay, newemr.Garnett, newemr.Garnett, newemr.Garnett, newemr.Garnett, newemr.Garnett, newemr.Garnett, newemr.Garnett, newemr.Garnett, newemr.Garnett, newemr.Gladwin, newemr.Gladwin, newemr.Gladwin, newemr.Gladwin, newemr.Red Springs, newemr.Crossville, newemr.Nouakchott, newemr.Nouakchott, newemr.Nouakchott, newemr.Nouakchott, newemr.Nouakchott, newemr.Nouakchott, newemr.Nouakchott, newemr.Nouakchott, newemr.Nouakchott]
cluster 4[newemr.Walsenburg, newemr.Santaquin, newemr.Needville, newemr.Needville, newemr.Needville, newemr.Needville, newemr.Tornillo, newemr.Bristow, newemr.ERVING, newemr.Elk Ridge, newemr.Albertville, newemr.Rupert, newemr.nuku'alofa, newemr.nuku'alofa, newemr.nuku'alofa, newemr.nuku'alofa, newemr.nuku'alofa, newemr.nuku'alofa, newemr.nuku'alofa, newemr.nuku'alofa, newemr.nuku'alofa, newemr.Schuyler, newemr.Schuyler, newemr.Schuyler, newemr.Schuyler, newemr.Schuyler, newemr.Schuyler, newemr.Schuyler, newemr.Schuyler, newemr.Schuyler, newemr.Schuyler, newemr.Schuyler, newemr.Schuyler, newemr.Schuyler, newemr.Schuyler, newemr.Schuyler, newemr.Schuyler, newemr.Schuyler, newemr.Schuyler, newemr.Schuyler, newemr.Schuyler, newemr.Schuyler, newemr.Schuyler, newemr.Schuyler, newemr.Schuyler, newemr.Schuyler, newemr.Redland, newemr.Port Louis, newemr.Rehoboth, newemr.Rehoboth, newemr.Rehoboth, newemr.Rehoboth, newemr.Rehoboth, newemr.Rehoboth, newemr.Rehoboth, newemr.Rehoboth, newemr.Rehoboth]
cluster 5[newemr.Lambertville, newemr.Lambertville, newemr.Lambertville, newemr.Lambertville, newemr.Walton, newemr.Shady Cove, newemr.Shady Cove, newemr.Shady Cove, newemr.Shady Cove]
cluster 6[newemr.Arvin, newemr.Bluefield, newemr.Bluefield, newemr.Bluefield, newemr.Bluefield, newemr.Bluefield, newemr.Bluefield, newemr.Bluefield, newemr.Bluefield, newemr.Bluefield, newemr.Provo, newemr.Queen Creek, newemr.Queen Creek, newemr.Queen Creek, newemr.Lodi, newemr.Queen Creek, newemr.Queen Creek, newemr.Queen Creek, newemr.Queen Creek, newemr.Queen Creek, newemr.Queen Creek, newemr.Nappanee, newemr.Ruleville, newemr.Ruleville, newemr.Ruleville, newemr.Ruleville]
cluster 7[newemr.Omak, newemr.Omak, newemr.Omak, newemr.Omak, newemr.Omak, newemr.Omak, newemr.Omak, newemr.Omak, newemr.Omak, newemr.Hebron, newemr.Richland Center, newemr.Galion, newemr.Galion, newemr.Galion, newemr.Galion, newemr.Tonganoxie, newemr.Cheboygan, newemr.Oppintong, newemr.Shirley, newemr.Shirley, newemr.Shirley, newemr.Shirley, newemr.Shirley, newemr.Shirley, newemr.Shirley, newemr.Shirley, newemr.Shirley, newemr.Shirley, newemr.Shirley, newemr.Shirley, newemr.Shirley, newemr.Shirley, newemr.Shirley, newemr.Shirley, newemr.Cortland, newemr.Barnstable, newemr.Barnstable, newemr.Barnstable, newemr.Barnstable, newemr.Clyde]
cluster 8[newemr.Mount Morris, newemr.Sleepy Eye, newemr.Sleepy Eye, newemr.Sleepy Eye, newemr.Sleepy Eye, newemr.Sleepy Eye, newemr.Sleepy Eye, newemr.Sleepy Eye, newemr.Sleepy Eye, newemr.Sleepy Eye, newemr.KH, newemr.Fayetteville, newemr.Fayetteville, newemr.Fayetteville, newemr.cincinnati, newemr.Cincinnati, newemr.Cincinnati, newemr.Cincinnati, newemr.Cincinnati, newemr.Cincinnati, newemr.cincinnati, newemr.Cincinnati, newemr.Cincinnati, newemr.Cincinnati, newemr.Cincinnati, newemr.Cincinnati, newemr.REDDING, newemr.Chelsea, newemr.DARTMOUTH, newemr.pauls valley, newemr.cincinnati, newemr.Cincinnati, newemr.Cincinnati, newemr.Cincinnati, newemr.Cincinnati, newemr.Cincinnati, newemr.cincinnati, newemr.Cincinnati, newemr.Cincinnati, newemr.Cincinnati, newemr.Cincinnati, newemr.Cincinnati, newemr.cincinnati, newemr.Cincinnati, newemr.Cincinnati, newemr.Cincinnati, newemr.Cincinnati, newemr.Cincinnati, newemr.cincinnati, newemr.Cincinnati, newemr.Cincinnati, newemr.Cincinnati, newemr.Cincinnati, newemr.Cincinnati, newemr.Murfreesboro, newemr.Morris, newemr.Morris, newemr.Morris, newemr.Morris, newemr.Boulder, newemr.Boulder, newemr.Boulder, newemr.Boulder, newemr.Naples, newemr.Naples, newemr.Naples, newemr.Naples, newemr.Shanghai, newemr.Fayetteville, newemr.Fayetteville, newemr.Fayetteville, newemr.Fayetteville, newemr.Fayetteville, newemr.Fayetteville, newemr.Dickinson, newemr.Burkburnett, newemr.Sherman, newemr.Mendon]
cluster 9[newemr.Brazzaville, newemr.Brazzaville, newemr.Brazzaville, newemr.Brewton, newemr.Brazzaville, newemr.Brazzaville, newemr.Brazzaville, newemr.Brazzaville, newemr.Brazzaville, newemr.Brazzaville, newemr.Winston-salem, newemr.Juneau, newemr.Juneau, newemr.Juneau, newemr.Juneau, newemr.Lisbon, newemr.Lisbon, newemr.Lisbon, newemr.Lisbon, newemr.Lisbon, newemr.Lisbon, newemr.Lisbon, newemr.Lisbon, newemr.Lisbon, newemr.Lisbon, newemr.Lisbon, newemr.Lisbon, newemr.Lisbon, newemr.Lisbon, newemr.Lisbon, newemr.Lisbon, newemr.Dumas, newemr.Dumas, newemr.Dumas, newemr.Dumas, newemr.Dumas, newemr.Dumas, newemr.Dumas, newemr.Dumas, newemr.Dumas, newemr.Post, newemr.Post, newemr.Post, newemr.Post, newemr.Post, newemr.Post, newemr.Post, newemr.Post, newemr.Post, newemr.Post, newemr.Post, newemr.Post, newemr.Post, newemr.Post, newemr.Post, newemr.Post, newemr.Leland, newemr.De Witt, newemr.Kings Mountain, newemr.Cohasset, newemr.Helena, newemr.Helena, newemr.Helena, newemr.Helena]
cluster 10[newemr.Pataskala, newemr.Queenstown, newemr.Queenstown, newemr.Queenstown, newemr.Queenstown, newemr.Queenstown, newemr.Queenstown, newemr.Queenstown, newemr.Queenstown, newemr.Queenstown, newemr.Plymouth, newemr.Plymouth, newemr.Plymouth, newemr.Plymouth, newemr.Plymouth, newemr.Plymouth, newemr.Plymouth, newemr.Plymouth, newemr.Plymouth, newemr.Plymouth, newemr.Plymouth, newemr.Plymouth, newemr.Plymouth, newemr.Plymouth, newemr.Plymouth, newemr.Plymouth, newemr.Plymouth, newemr.Plymouth, newemr.Plymouth, newemr.Plymouth, newemr.Plymouth, newemr.Plymouth, newemr.Plymouth, newemr.Plymouth, newemr.Plymouth, newemr.Lyndonville, newemr.Changchun, newemr.Changchun, newemr.Changchun, newemr.Changchun, newemr.Changchun, newemr.Changchun, newemr.Changchun, newemr.Changchun, newemr.Changchun, newemr.Changchun, newemr.Changchun, newemr.Changchun, newemr.Changchun, newemr.Changchun, newemr.Changchun, newemr.Changchun, newemr.Juana Diaz, newemr.Juana Diaz, newemr.Juana Diaz, newemr.Juana Diaz, newemr.Marianna, newemr.Culpeper, newemr.Earle, newemr.Waycross, newemr.waycross, newemr.Waycross, newemr.Waycross, newemr.waycross, newemr.Waycross, newemr.Wynne, newemr.Waycross, newemr.waycross, newemr.Waycross]
cluster 11[newemr.Bangkok, newemr.Bangkok, newemr.Bangkok, newemr.Bangkok, newemr.Bangkok, newemr.Bangkok, newemr.Bangkok, newemr.Bangkok, newemr.Bangkok, newemr.Bangkok, newemr.Bangkok, newemr.Bangkok, newemr.Bangkok, newemr.Bangkok, newemr.Bangkok, newemr.Bangkok, newemr.Bangkok, newemr.Bangkok, newemr.Bangkok, newemr.Bangkok, newemr.Bangkok, newemr.Bangkok, newemr.Bangkok, newemr.Bangkok, newemr.Bangkok, newemr.Bangkok, newemr.Bangkok, newemr.Bangkok, newemr.Bangkok, newemr.Bangkok, newemr.Bangkok, newemr.Bangkok, newemr.Bangkok, newemr.Bangkok, newemr.Bangkok, newemr.Bangkok, newemr.RACINE, newemr.Racine, newemr.RACINE, newemr.Racine, newemr.Snowflake, newemr.Snowflake, newemr.Snowflake, newemr.Snowflake, newemr.New Haven, newemr.Bethlehem, newemr.Stow, newemr.Adrian, newemr.Crystal Springs, newemr.Effingham, newemr.Hartsville, newemr.hartsville, newemr.hartsville, newemr.hartsville, newemr.Lonaconing, newemr.Lonaconing, newemr.Lonaconing, newemr.Lonaconing, newemr.Kigali, newemr.Kigali, newemr.Kigali, newemr.Kigali, newemr.Edna, newemr.Sandpoint, newemr.Sandpoint, newemr.Sandpoint, newemr.Sandpoint, newemr.Sandpoint, newemr.Sandpoint, newemr.Sandpoint, newemr.Sandpoint, newemr.Sandpoint, newemr.Sandpoint, newemr.Sandpoint, newemr.Sandpoint, newemr.Sandpoint, newemr.Sandpoint, newemr.Sandpoint, newemr.Sandpoint, newemr.Lagrange, newemr.Lagrange, newemr.Lagrange, newemr.Lagrange, newemr.Lagrange, newemr.Lagrange, newemr.Lagrange, newemr.Lagrange, newemr.Lagrange, newemr.Hartsville, newemr.hartsville, newemr.hartsville, newemr.hartsville, newemr.Hartsville, newemr.hartsville, newemr.hartsville, newemr.hartsville, newemr.Hartsville, newemr.hartsville, newemr.hartsville, newemr.hartsville, newemr.Brandon, newemr.Punta Gorda, newemr.Punta Gorda, newemr.Punta Gorda, newemr.Punta Gorda, newemr.Pahrump, newemr.Pahrump, newemr.Pahrump, newemr.Pahrump, newemr.Coalinga]
cluster 12[newemr.Chongging, newemr.Abilene, newemr.Abilene, newemr.Stanwood, newemr.Stanwood, newemr.Stanwood, newemr.Stanwood, newemr.Coshocton, newemr.Algoma, newemr.Algoma, newemr.Algoma, newemr.Algoma, newemr.Three Rivers, newemr.Three Rivers, newemr.Three Rivers, newemr.Three Rivers, newemr.Three Rivers, newemr.Three Rivers, newemr.Three Rivers, newemr.Three Rivers, newemr.Three Rivers, newemr.Abilene, newemr.Abilene]
cluster 13[newemr.Altavista, newemr.Newberry, newemr.Newberry, newemr.Newberry, newemr.Newberry, newemr.Newberry, newemr.Newberry, newemr.Newberry, newemr.Newberry, newemr.Newberry, newemr.Lincoln City, newemr.Lincoln City, newemr.Lincoln City, newemr.Lincoln City]
cluster 14[newemr.Oneonta, newemr.Terrell, newemr.Terrell, newemr.Terrell, newemr.Terrell, newemr.Terrell, newemr.Terrell, newemr.Terrell, newemr.Terrell, newemr.Terrell, newemr.Pecos, newemr.Pecos, newemr.Pecos, newemr.Pecos, newemr.Pecos, newemr.Pecos, newemr.Pecos, newemr.Pecos, newemr.Pecos, newemr.Pecos, newemr.Pecos, newemr.Pecos, newemr.Pecos, newemr.Pecos, newemr.Pecos, newemr.Pecos, newemr.Pecos, newemr.Pecos, newemr.Pecos, newemr.Pecos, newemr.Pecos, newemr.Pecos, newemr.Pecos, newemr.Pecos, newemr.Pecos, newemr.Big Bear Lake, newemr.BIG BEAR LAKE, newemr.Big Bear Lake, newemr.Big Bear Lake, newemr.BIG BEAR LAKE, newemr.Big Bear Lake, newemr.Big Bear Lake, newemr.BIG BEAR LAKE, newemr.Big Bear Lake, newemr.Charlotte, newemr.Charlotte, newemr.Charlotte, newemr.Charlotte, newemr.Dothan, newemr.Dothan, newemr.Dothan, newemr.Dothan, newemr.Enid, newemr.Big Lake, newemr.Spiro, newemr.The Woodlands, newemr.St. John's]
cluster 15[newemr.Connell, newemr.Wrightwood, newemr.Tucson Southeast]
cluster 16[newemr.Frankenmuth, newemr.Frankenmuth, newemr.Frankenmuth, newemr.Frankenmuth, newemr.Delano, newemr.Lynden, newemr.Las Vegas, newemr.St. Peter, newemr.Colorado City, newemr.Colorado City, newemr.Colorado City, newemr.Colorado City, newemr.Colorado City, newemr.Colorado City, newemr.Colorado City, newemr.Colorado City, newemr.Colorado City]
cluster 17[newemr.Coeburn, newemr.Coeburn, newemr.Coeburn, newemr.Coeburn, newemr.Coeburn, newemr.Coeburn, newemr.Coeburn, newemr.Coeburn, newemr.Coeburn, newemr.Union City, newemr.Union City, newemr.Union City, newemr.Union City, newemr.Baldwin City]
cluster 18[newemr.Keystone Heights, newemr.KEYSTONE HEIGHTS, newemr.Keystone Heights, newemr.Keystone Heights, newemr.KEYSTONE HEIGHTS, newemr.Keystone Heights, newemr.Keystone Heights, newemr.KEYSTONE HEIGHTS, newemr.Keystone Heights, newemr.Buena Vista, newemr.Elkton, newemr.Poinciana, newemr.Poinciana, newemr.Poinciana, newemr.Poinciana, newemr.Poinciana, newemr.Poinciana, newemr.Poinciana, newemr.Poinciana, newemr.Poinciana, newemr.St. Michael, newemr.Scottsville, newemr.Altoona, newemr.Altoona, newemr.Altoona, newemr.Altoona]
cluster 19[newemr.Phnom Penh, newemr.Boxborough, newemr.Boxborough, newemr.Boxborough, newemr.Boxborough, newemr.Victorville, newemr.Clearlake, newemr.Clearlake, newemr.Clearlake, newemr.Clearlake, newemr.Clearlake, newemr.Clearlake, newemr.Clearlake, newemr.Clearlake, newemr.Clearlake, newemr.Kemmerer, newemr.Kemmerer, newemr.Kemmerer, newemr.Kemmerer, newemr.Opp, newemr.Cape Town]
cluster 20[newemr.Foxborough, newemr.Foxborough, newemr.Foxborough, newemr.Foxborough, newemr.Picture Rocks, newemr.Picture Rocks, newemr.Picture Rocks, newemr.Picture Rocks, newemr.Picture Rocks, newemr.Picture Rocks, newemr.Picture Rocks, newemr.Picture Rocks, newemr.Picture Rocks, newemr.Picture Rocks, newemr.Picture Rocks, newemr.Picture Rocks, newemr.Picture Rocks, newemr.Picture Rocks, newemr.Picture Rocks, newemr.Picture Rocks, newemr.Hebbronville, newemr.Hebbronville, newemr.Hebbronville, newemr.Hebbronville, newemr.Palacios, newemr.Palacios, newemr.palacios, newemr.Palacios, newemr.Palacios, newemr.palacios, newemr.Palacios, newemr.Palacios, newemr.palacios, newemr.Lucerne, newemr.Marlborough, newemr.Bryan, newemr.Bryan, newemr.Bryan, newemr.Bryan, newemr.Cedar Hill Lakes]
cluster 21[newemr.Arroyo Grande, newemr.Arroyo Grande, newemr.Arroyo Grande, newemr.Arroyo Grande, newemr.Arroyo Grande, newemr.Arroyo Grande, newemr.Arroyo Grande, newemr.Arroyo Grande, newemr.Arroyo Grande, newemr.Arroyo Grande, newemr.Arroyo Grande, newemr.Arroyo Grande, newemr.Arroyo Grande, newemr.Arroyo Grande, newemr.Arroyo Grande, newemr.Arroyo Grande, newemr.Arroyo Grande, newemr.Arroyo Grande, newemr.Parchman, newemr.Arroyo Grande, newemr.Arroyo Grande, newemr.Arroyo Grande, newemr.Arroyo Grande, newemr.Arroyo Grande, newemr.Arroyo Grande, newemr.Arroyo Grande, newemr.Arroyo Grande, newemr.Arroyo Grande, newemr.Arroyo Grande, newemr.Arroyo Grande, newemr.Arroyo Grande, newemr.Arroyo Grande, newemr.Arroyo Grande, newemr.Arroyo Grande, newemr.Arroyo Grande, newemr.Arroyo Grande, newemr.Arroyo Grande, newemr.Fairview, newemr.Shelton, newemr.SHELTON, newemr.Shelton, newemr.Shelton, newemr.SHELTON, newemr.Shelton, newemr.Shelton, newemr.SHELTON, newemr.Shelton, newemr.Oil City, newemr.Oil City, newemr.Oil City, newemr.Oil City, newemr.Frackville, newemr.Cass City, newemr.Cass City, newemr.Cass City, newemr.Cass City, newemr.Dushanbe, newemr.Dushanbe, newemr.Dushanbe, newemr.Dushanbe, newemr.Estill, newemr.Petersham, newemr.Petersham, newemr.Petersham, newemr.Petersham]
cluster 22[newemr.Claxton, newemr.Cincinnatti, newemr.Aumsville, newemr.Aumsville, newemr.Aumsville, newemr.Aumsville, newemr.Chariton, newemr.Amboy, newemr.CHARLEMONT]
cluster 23[newemr.Waupun, newemr.KAUFMAN, newemr.Richgrove, newemr.Cheney, newemr.Cheney, newemr.Cheney, newemr.Cheney, newemr.Cheney, newemr.Cheney, newemr.Cheney, newemr.Cheney, newemr.Cheney, newemr.Cheney, newemr.Cheney, newemr.Cheney, newemr.Cheney, newemr.Cheney, newemr.Cheney, newemr.Cheney, newemr.Cheney, newemr.Cheney, newemr.Cheney, newemr.Cheney, newemr.Cheney, newemr.Cheney, newemr.Cheney, newemr.Cheney, newemr.Cheney, newemr.Cheney, newemr.Cheney, newemr.Cheney, newemr.Cheney, newemr.Cheney, newemr.Cheney, newemr.Cheney, newemr.Cheney, newemr.Cheney, newemr.Cheney, newemr.Cheney, newemr.Cheney, newemr.Cheney, newemr.Cheney, newemr.Cheney, newemr.Cheney, newemr.Cheney, newemr.Cheney, newemr.Cheney, newemr.Cheney, newemr.Cheney, newemr.Cheney, newemr.Cheney, newemr.Cheney, newemr.LOS ALAMOS, newemr.Devils Lake, newemr.Miami, newemr.Lake Wildwood, newemr.New London, newemr.Caro, newemr.Baxter Springs, newemr.Rutland, newemr.Rutland, newemr.Rutland, newemr.Rutland, newemr.Rutland, newemr.Rutland, newemr.Rutland, newemr.Rutland, newemr.Rutland, newemr.Rutland, newemr.Rutland, newemr.Rutland, newemr.Rutland, newemr.Rutland, newemr.Rutland, newemr.Rutland, newemr.Isabela, newemr.Port Arthur, newemr.Port Arthur, newemr.Port Arthur, newemr.Port Arthur]
cluster 24[newemr.Grayling, newemr.Bisbee]
cluster 25[newemr.Panama City, newemr.Panama City, newemr.Panama City, newemr.Panama City]
cluster 26[newemr.Panama City, newemr.Panama City]





